{
  "integrations": [
    {
      "id": "e735c1f3-0600-445e-8d00-fd2cb730ed35",
      "name": "New Exception - Acknowledge",
      "action": "RUN_SCRIPT",
      "type": "OUTBOUND_WEBHOOK",
      "triggeredBy": "RESPONSE",
      "responseChoice": "Acknowledge",
      "deployed": true,
      "form": "68b4cdfd-db15-447a-a75a-3e816c1784c6",
      "environment": "HOSTED",
      "authType": "NONE",
      "createdBy": "FLOW"
    },
    {
      "id": "5780320f-0931-485f-8c9d-e4ad8b6f5810",
      "name": "New Exception - Ignore",
      "action": "RUN_SCRIPT",
      "type": "OUTBOUND_WEBHOOK",
      "triggeredBy": "RESPONSE",
      "responseChoice": "Ignore",
      "deployed": true,
      "form": "68b4cdfd-db15-447a-a75a-3e816c1784c6",
      "environment": "HOSTED",
      "authType": "NONE",
      "createdBy": "FLOW"
    },
    {
      "id": "681c20b6-d616-436e-a536-1d7156af5b20",
      "name": "New Exception - Inbound from OverOps",
      "action": "RUN_SCRIPT",
      "type": "INBOUND_WEBHOOK",
      "deployed": true,
      "form": "68b4cdfd-db15-447a-a75a-3e816c1784c6",
      "environment": "HOSTED",
      "authType": "URL",
      "createdBy": "FLOW",
      "integrationScriptStepUuid": "816653cb-ed1a-4153-bd3b-bd0013dc7f32"
    }
  ],
  "endpoints": [],
  "constants": []
}