[
  {
    "baseType": 3,
    "name": "Added_By",
    "defaultValue": "",
    "description": "",
    "helpText": "",
    "isSystem": false,
    "minLength": 0,
    "maxLength": 30,
    "validationRegex": "",
    "isValidate": false,
    "uuid": "9a20541f-c202-4a66-bce1-156089403b5c"
  },
  {
    "baseType": 3,
    "name": "Alert_Type",
    "defaultValue": "",
    "description": "",
    "helpText": "",
    "isSystem": false,
    "minLength": 0,
    "maxLength": 30,
    "validationRegex": "",
    "isValidate": false,
    "uuid": "b5e54c1c-2419-4cdd-afc6-6db87628afa5"
  },
  {
    "baseType": 3,
    "name": "App_Name",
    "defaultValue": "",
    "description": "",
    "helpText": "",
    "isSystem": false,
    "minLength": 0,
    "maxLength": 200,
    "validationRegex": "",
    "isValidate": false,
    "uuid": "9b956e4f-36f0-4770-aa62-fcba798f14a5"
  },
  {
    "baseType": 3,
    "name": "Class_Name",
    "defaultValue": "",
    "description": "",
    "helpText": "",
    "isSystem": false,
    "minLength": 0,
    "maxLength": 200,
    "validationRegex": "",
    "isValidate": false,
    "uuid": "6b7ff8ea-2f78-45b4-b193-92d9c2cffb32"
  },
  {
    "baseType": 3,
    "name": "Content",
    "defaultValue": "",
    "description": "",
    "helpText": "",
    "isSystem": false,
    "minLength": 0,
    "maxLength": 2000,
    "validationRegex": "",
    "isValidate": false,
    "uuid": "a1ec2dfa-aaab-4997-b932-80831193c16c"
  },
  {
    "baseType": 3,
    "name": "Date",
    "defaultValue": "",
    "description": "",
    "helpText": "",
    "isSystem": false,
    "minLength": 0,
    "maxLength": 100,
    "validationRegex": "",
    "isValidate": false,
    "uuid": "785c725b-50fb-43c1-a5ef-8c03d49d7715"
  },
  {
    "baseType": 3,
    "name": "Error_Code",
    "defaultValue": "",
    "description": "",
    "helpText": "",
    "isSystem": false,
    "minLength": 0,
    "maxLength": 30,
    "validationRegex": "",
    "isValidate": false,
    "uuid": "ea72ed5b-33c8-4f62-9b56-671daa1f5956"
  },
  {
    "baseType": 3,
    "name": "Full_Name",
    "defaultValue": "",
    "description": "",
    "helpText": "",
    "isSystem": false,
    "minLength": 0,
    "maxLength": 1000,
    "validationRegex": "",
    "isValidate": false,
    "uuid": "be9f23a9-7fd0-42f2-95fd-423e6d3434d6"
  },
  {
    "baseType": 22,
    "name": "Level",
    "description": "",
    "helpText": "",
    "isSystem": false,
    "values": [
      {
        "value": "FATAL",
        "isDefault": false,
        "isVisible": true
      },
      {
        "value": "ERROR",
        "isDefault": false,
        "isVisible": true
      },
      {
        "value": "WARN",
        "isDefault": false,
        "isVisible": true
      }
    ],
    "uuid": "b53fba62-9f06-46ee-80e3-18c6b0b1015f"
  },
  {
    "baseType": 3,
    "name": "link",
    "defaultValue": "",
    "description": "",
    "helpText": "",
    "isSystem": false,
    "minLength": 0,
    "maxLength": 1000,
    "validationRegex": "",
    "isValidate": false,
    "uuid": "e530c83f-b1e6-4922-a6bb-25e44046cc69"
  },
  {
    "baseType": 3,
    "name": "Message",
    "defaultValue": "",
    "description": "",
    "helpText": "",
    "isSystem": false,
    "minLength": 0,
    "maxLength": 2000,
    "validationRegex": "",
    "isValidate": false,
    "uuid": "af51ed9a-5e5e-4806-8b5e-ed9ad34450c3"
  },
  {
    "baseType": 3,
    "name": "Server_Name",
    "defaultValue": "",
    "description": "",
    "helpText": "",
    "isSystem": false,
    "minLength": 0,
    "maxLength": 200,
    "validationRegex": "",
    "isValidate": false,
    "uuid": "a8676d62-b670-44ac-b1b6-ad8fd7325dc2"
  },
  {
    "baseType": 3,
    "name": "Service_Name",
    "defaultValue": "",
    "description": "",
    "helpText": "",
    "isSystem": false,
    "minLength": 0,
    "maxLength": 100,
    "validationRegex": "",
    "isValidate": false,
    "uuid": "b8b5276c-de3e-4d21-9315-10dae92d7fc6"
  },
  {
    "baseType": 3,
    "name": "Summary",
    "defaultValue": "",
    "description": "",
    "helpText": "",
    "isSystem": false,
    "minLength": 0,
    "maxLength": 2000,
    "validationRegex": "",
    "isValidate": false,
    "uuid": "971512d9-7e3a-4e4f-9cfe-c436874fe77e"
  },
  {
    "baseType": 3,
    "name": "Title",
    "defaultValue": "",
    "description": "",
    "helpText": "",
    "isSystem": false,
    "minLength": 0,
    "maxLength": 500,
    "validationRegex": "",
    "isValidate": false,
    "uuid": "fc0b4001-1534-4324-b761-4444d63a9116"
  },
  {
    "baseType": 3,
    "name": "Type",
    "defaultValue": "",
    "description": "",
    "helpText": "",
    "isSystem": false,
    "minLength": 0,
    "maxLength": 30,
    "validationRegex": "",
    "isValidate": false,
    "uuid": "12df47b8-4a47-4a69-9ff1-19a690e96dbc"
  },
  {
    "baseType": 3,
    "name": "Username",
    "defaultValue": "",
    "description": "",
    "helpText": "",
    "isSystem": false,
    "minLength": 0,
    "maxLength": 100,
    "validationRegex": "",
    "isValidate": false,
    "uuid": "9cb84e78-155a-4b85-ad40-bfd1e8b476cc"
  },
  {
    "baseType": 3,
    "name": "View_Name",
    "defaultValue": "",
    "description": "",
    "helpText": "",
    "isSystem": false,
    "minLength": 0,
    "maxLength": 30,
    "validationRegex": "",
    "isValidate": false,
    "uuid": "8bfb8cb9-02b1-4271-a32b-1c6a98fb8675"
  }
]