{
  "integrations": [
    {
      "id": "10bbad58-b4d3-4823-9ec5-c3a98b48eff0",
      "name": "Inbound from OverOps",
      "action": "CREATE_EVENT",
      "type": "INBOUND_WEBHOOK",
      "deployed": true,
      "form": "ed5f93ff-3de3-4212-9e10-abc9bc315f9c",
      "script": "var oOpsData = JSON.parse(request.body);\n\n// Parse data from incoming payload and construct the trigger object\n\nvar properties = {\n  \"Added_By\":    oOpsData.data.added_by.join(),\n  \"Alert_Type\":  oOpsData.type,\n  \"App_Name\":    'NOT SET',\n  \"Class_Name\":  oOpsData.data.data.top_events[0].frame.class_name,\n  \"Content\":     'NOT SET',\n  \"Date\":        oOpsData.date,\n  \"Error_Code\":  'NOT SET',\n  \"Full_Name\":   oOpsData.data.data.top_events[0].frame.full_name,\n  \"link\":        oOpsData.data.data.top_events[0].link,\n  \"Message\":     'NOT SET',\n  \"Server_Name\": 'NOT SET',\n  \"Username\":    'NOT SET',\n  \"Title\":       oOpsData.data.data.top_events[0].title,\n  \"Type\":        oOpsData.data.type,\n  \"Service_Name\":oOpsData.service_name,\n  \"Summary\":     oOpsData.data.summary,\n  \"View_Name\":   oOpsData.data.view_name,\n};\n\ntrigger.properties = properties;\n\n\nform.post( trigger );\n",
      "environment": "HOSTED"
    }
  ],
  "endpoints": [],
  "constants": []
}