{
  "name": "New Exception",
  "form": "68b4cdfd-db15-447a-a75a-3e816c1784c6",
  "blocks": [
    {
      "id": "5b5ae86e-d616-438b-a05c-840f57293e27",
      "label": "Acknowledge",
      "environment": "HOSTED",
      "presentation": "{}",
      "step": "e735c1f3-0600-445e-8d00-fd2cb730ed35",
      "stepType": "INTEGRATION"
    },
    {
      "id": "d510b2e7-e299-4493-9818-07e9425fca25",
      "label": "Create Event - New Exception",
      "environment": "HOSTED",
      "presentation": "{\"w\":60,\"x\":440,\"h\":60,\"y\":40}",
      "step": "68b4cdfd-db15-447a-a75a-3e816c1784c6",
      "stepType": "CREATE_EVENT",
      "inputMappings": [
        {
          "inputPort": "input",
          "mapping": "${a0526ac4-e0d7-4e63-ad2a-6acfe0cccf90.Message}",
          "sectionItemKey": "af51ed9a-5e5e-4806-8b5e-ed9ad34450c3"
        },
        {
          "inputPort": "input",
          "mapping": "${a0526ac4-e0d7-4e63-ad2a-6acfe0cccf90.Summary}",
          "sectionItemKey": "971512d9-7e3a-4e4f-9cfe-c436874fe77e"
        },
        {
          "inputPort": "input",
          "mapping": "${a0526ac4-e0d7-4e63-ad2a-6acfe0cccf90.Added_By}",
          "sectionItemKey": "9a20541f-c202-4a66-bce1-156089403b5c"
        },
        {
          "inputPort": "input",
          "mapping": "${a0526ac4-e0d7-4e63-ad2a-6acfe0cccf90.Title}",
          "sectionItemKey": "fc0b4001-1534-4324-b761-4444d63a9116"
        },
        {
          "inputPort": "input",
          "mapping": "${70c1746b-53ed-4a9b-ab3c-d410de5a470d.formattedDate}",
          "sectionItemKey": "785c725b-50fb-43c1-a5ef-8c03d49d7715"
        },
        {
          "inputPort": "input",
          "mapping": "${a0526ac4-e0d7-4e63-ad2a-6acfe0cccf90.Type}",
          "sectionItemKey": "12df47b8-4a47-4a69-9ff1-19a690e96dbc"
        },
        {
          "inputPort": "input",
          "mapping": "${a0526ac4-e0d7-4e63-ad2a-6acfe0cccf90.Alert_Type}",
          "sectionItemKey": "b5e54c1c-2419-4cdd-afc6-6db87628afa5"
        },
        {
          "inputPort": "input",
          "mapping": "${a0526ac4-e0d7-4e63-ad2a-6acfe0cccf90.Service_Name}",
          "sectionItemKey": "b8b5276c-de3e-4d21-9315-10dae92d7fc6"
        },
        {
          "inputPort": "input",
          "mapping": "${a0526ac4-e0d7-4e63-ad2a-6acfe0cccf90.link}",
          "sectionItemKey": "e530c83f-b1e6-4922-a6bb-25e44046cc69"
        },
        {
          "inputPort": "input",
          "mapping": "${a0526ac4-e0d7-4e63-ad2a-6acfe0cccf90.Full_Name}",
          "sectionItemKey": "be9f23a9-7fd0-42f2-95fd-423e6d3434d6"
        },
        {
          "inputPort": "input",
          "mapping": "${a0526ac4-e0d7-4e63-ad2a-6acfe0cccf90.App_Name}",
          "sectionItemKey": "9b956e4f-36f0-4770-aa62-fcba798f14a5"
        },
        {
          "inputPort": "input",
          "mapping": "${a0526ac4-e0d7-4e63-ad2a-6acfe0cccf90.View_Name}",
          "sectionItemKey": "8bfb8cb9-02b1-4271-a32b-1c6a98fb8675"
        }
      ]
    },
    {
      "id": "6069dbce-7b72-4b61-b5c8-c1d59c33c193",
      "label": "Ignore",
      "environment": "HOSTED",
      "presentation": "{}",
      "step": "5780320f-0931-485f-8c9d-e4ad8b6f5810",
      "stepType": "INTEGRATION"
    },
    {
      "id": "70c1746b-53ed-4a9b-ab3c-d410de5a470d",
      "label": "Moment - Convert Time",
      "environment": "HOSTED",
      "presentation": "{\"w\":60,\"x\":220,\"h\":60,\"y\":40}",
      "step": "412f7fec-e67a-4bd8-b579-9e6201fcffa4",
      "stepType": "SCRIPT_STEP",
      "inputMappings": [
        {
          "inputPort": "input",
          "mapping": "${a0526ac4-e0d7-4e63-ad2a-6acfe0cccf90.Date}",
          "stepInput": "d77298bb-6bb5-4d38-ac47-b90c190d08dc"
        },
        {
          "inputPort": "input",
          "mapping": "America/New_York",
          "stepInput": "dbbaa114-56c1-49e8-b317-a9bb6d751cf8"
        },
        {
          "inputPort": "input",
          "mapping": "true",
          "stepInput": "35c725b6-734e-4938-b93e-1ae593c0a562"
        },
        {
          "inputPort": "input",
          "mapping": "lll",
          "stepInput": "431bb386-4c68-4645-af66-849db345a74f"
        }
      ]
    },
    {
      "id": "a0526ac4-e0d7-4e63-ad2a-6acfe0cccf90",
      "label": "New Exception - Inbound from OverOps",
      "environment": "HOSTED",
      "presentation": "{\"w\":60,\"x\":0,\"h\":60,\"y\":40}",
      "step": "681c20b6-d616-436e-a536-1d7156af5b20",
      "stepType": "INTEGRATION"
    },
    {
      "id": "eaaad093-99fc-4f46-aeb4-a995ca2a6f53",
      "label": "Responses",
      "environment": "HOSTED",
      "presentation": "{\"w\":100,\"x\":0,\"h\":50,\"y\":260}",
      "stepType": "RESPONSES"
    }
  ],
  "edges": [
    {
      "fromBlock": "a0526ac4-e0d7-4e63-ad2a-6acfe0cccf90",
      "fromPort": "output",
      "toBlock": "70c1746b-53ed-4a9b-ab3c-d410de5a470d",
      "toPort": "input"
    },
    {
      "fromBlock": "70c1746b-53ed-4a9b-ab3c-d410de5a470d",
      "fromPort": "output",
      "toBlock": "d510b2e7-e299-4493-9818-07e9425fca25",
      "toPort": "input"
    }
  ]
}